,dataset,total_memory,total_time,ARI,NMI
0,baron3,1149.140625,357.22219920158386,0.9619823804999859,0.9325532345914799
